/*
  PERSON <ID> <DESC>
  ----------------------
  PERSON 0 Ingen forhold
  PERSON 1 Ett forhold
  PERSON 2 To forhold
  ----------------------
  PERSON 3 To forhold med samme TP-nummer
  PERSON 4 Ett ugyldig forhold
  PERSON 5 Ugyldig fnr
*/

INSERT INTO TJPEN.T_PERSON(PERSON_ID, FNR_FK) VALUES(0, '00000000000');
INSERT INTO TJPEN.T_PERSON(PERSON_ID, FNR_FK) VALUES(1, '11111111111');
INSERT INTO TJPEN.T_PERSON(PERSON_ID, FNR_FK) VALUES(2, '22222222222');
INSERT INTO TJPEN.T_PERSON(PERSON_ID, FNR_FK) VALUES(3, '33333333333');
INSERT INTO TJPEN.T_PERSON(PERSON_ID, FNR_FK) VALUES(4, '44444444444');
INSERT INTO TJPEN.T_PERSON(PERSON_ID, FNR_FK) VALUES(5, 'abcdefghijk');

INSERT INTO TJPEN.T_FORHOLD(FORHOLD_ID, PERSON_ID, TSS_EKSTERN_ID_FK, ER_GYLDIG) VALUES(0, 1, '11111111111', '1');
INSERT INTO TJPEN.T_FORHOLD(FORHOLD_ID, PERSON_ID, TSS_EKSTERN_ID_FK, ER_GYLDIG) VALUES(0, 2, '11111111111', '1');
INSERT INTO TJPEN.T_FORHOLD(FORHOLD_ID, PERSON_ID, TSS_EKSTERN_ID_FK, ER_GYLDIG) VALUES(1, 2, '22222222222', '1');
INSERT INTO TJPEN.T_FORHOLD(FORHOLD_ID, PERSON_ID, TSS_EKSTERN_ID_FK, ER_GYLDIG) VALUES(0, 3, '11111111111', '1');
INSERT INTO TJPEN.T_FORHOLD(FORHOLD_ID, PERSON_ID, TSS_EKSTERN_ID_FK, ER_GYLDIG) VALUES(1, 3, '11111111111', '1');
INSERT INTO TJPEN.T_FORHOLD(FORHOLD_ID, PERSON_ID, TSS_EKSTERN_ID_FK, ER_GYLDIG) VALUES(0, 4, '44444444444', '0');

INSERT INTO TJPEN.T_TSS_TP(TSS_ID, TP_ID) VALUES('11111111111', '1111');
INSERT INTO TJPEN.T_TSS_TP(TSS_ID, TP_ID) VALUES('22222222222', '0000');
